Director,Archetype_1,Archetype_2
Christopher Nolan,Myth Makers,Emotional Viewers
David Fincher,Emotional Viewers,Myth Makers
Denis Villeneuve,Reality Explorers,Thrill Seekers
Bong Joon-ho,Myth Makers,Meaning Seekers
Wong Kar-wai,Spectacle Fans,Meaning Seekers
Andrei Tarkovsky,Emotional Viewers,Spectacle Fans
Ingmar Bergman,Myth Makers,Emotional Viewers
Abbas Kiarostami,World Builders,Emotional Viewers
Terrence Malick,Reality Explorers,World Builders
Robert Bresson,Myth Makers,Character Explorers
Stanley Kubrick,Myth Makers,Story Lovers
Paul Thomas Anderson,Comedy Lovers,Thrill Seekers
Martin Scorsese,Emotional Viewers,Animation Admirers
Quentin Tarantino,Myth Makers,Comedy Lovers
Steven Spielberg,Visual Stylists,Meaning Seekers
James Cameron,Spectacle Fans,Animation Admirers
George Miller,Spectacle Fans,Visual Stylists
Michael Bay,Spectacle Fans,Myth Makers
Zack Snyder,Spectacle Fans,Character Explorers
Ridley Scott,Myth Makers,Thrill Seekers
Peter Jackson,Meaning Seekers,Emotional Viewers
Guillermo del Toro,Reality Explorers,Comedy Lovers
Tim Burton,World Builders,Myth Makers
Hayao Miyazaki,Comedy Lovers,Meaning Seekers
Satoshi Kon,Thrill Seekers,Character Explorers
Makoto Shinkai,Story Lovers,Character Explorers
Mamoru Hosoda,Animation Admirers,Reality Explorers
Brad Bird,Animation Admirers,World Builders
Pete Docter,Animation Admirers,Myth Makers
Lee Unkrich,World Builders,Visual Stylists
Edgar Wright,Myth Makers,Emotional Viewers
Taika Waititi,Comedy Lovers,Character Explorers
Judd Apatow,Reality Explorers,Animation Admirers
Adam McKay,World Builders,Animation Admirers
Jordan Peele,World Builders,Meaning Seekers
Ari Aster,Character Explorers,Meaning Seekers
Robert Eggers,Spectacle Fans,Reality Explorers
John Carpenter,Comedy Lovers,Meaning Seekers
Alfred Hitchcock,Story Lovers,Thrill Seekers
Brian De Palma,Animation Admirers,Meaning Seekers
Spike Lee,Meaning Seekers,Emotional Viewers
Ken Loach,Thrill Seekers,Reality Explorers
Asghar Farhadi,Animation Admirers,Spectacle Fans
Jafar Panahi,Emotional Viewers,Thrill Seekers
Celine Sciamma,Character Explorers,Reality Explorers
Noah Baumbach,Emotional Viewers,Animation Admirers
Greta Gerwig,Story Lovers,Myth Makers
Sofia Coppola,Animation Admirers,World Builders
Luca Guadagnino,World Builders,Comedy Lovers
Gaspar Noe,Emotional Viewers,Comedy Lovers
Nicolas Winding Refn,Character Explorers,Story Lovers
Park Chan-wook,Thrill Seekers,Meaning Seekers
Kim Ki-duk,Meaning Seekers,Comedy Lovers
Takeshi Kitano,Story Lovers,Emotional Viewers
Hirokazu Kore-eda,World Builders,Story Lovers
Edward Yang,Story Lovers,Visual Stylists
Hou Hsiao-hsien,Comedy Lovers,World Builders
Tsai Ming-liang,Reality Explorers,Emotional Viewers
Apichatpong Weerasethakul,Reality Explorers,Thrill Seekers
Claire Denis,Story Lovers,Comedy Lovers
Mike Leigh,Meaning Seekers,World Builders
Lars von Trier,Comedy Lovers,Reality Explorers
Yorgos Lanthimos,Comedy Lovers,Character Explorers
Kogonada,Myth Makers,Spectacle Fans
Chloe Zhao,Reality Explorers,Thrill Seekers
Sean Baker,Comedy Lovers,Myth Makers
Kelly Reichardt,Character Explorers,Visual Stylists
Debra Granik,Myth Makers,Visual Stylists
Barry Jenkins,Reality Explorers,Animation Admirers
Steve McQueen,Comedy Lovers,World Builders
Alejandro Gonzalez Inarritu,Visual Stylists,Story Lovers
Alfonso Cuaron,World Builders,Myth Makers
Pedro Almodovar,Animation Admirers,Visual Stylists
Jean-Luc Godard,Character Explorers,Myth Makers
Francois Truffaut,Comedy Lovers,Animation Admirers
Agnes Varda,Character Explorers,Spectacle Fans
Jacques Demy,Thrill Seekers,Story Lovers
Federico Fellini,Animation Admirers,World Builders
Michelangelo Antonioni,Animation Admirers,Spectacle Fans
Vittorio De Sica,Animation Admirers,Emotional Viewers
Roberto Rossellini,Animation Admirers,Story Lovers
Sergei Eisenstein,Animation Admirers,Meaning Seekers
Dziga Vertov,Story Lovers,Character Explorers
Akira Kurosawa,Comedy Lovers,Visual Stylists
Masaki Kobayashi,Animation Admirers,Thrill Seekers
Nagisa Oshima,Comedy Lovers,Thrill Seekers
Shohei Imamura,Animation Admirers,Visual Stylists
John Ford,Myth Makers,Meaning Seekers
Howard Hawks,Spectacle Fans,Myth Makers
Billy Wilder,Character Explorers,Comedy Lovers
Frank Capra,Story Lovers,World Builders
Orson Welles,Reality Explorers,Character Explorers
Sam Peckinpah,Comedy Lovers,Myth Makers
John Woo,Reality Explorers,Thrill Seekers
Ang Lee,Myth Makers,Meaning Seekers
Zhang Yimou,Reality Explorers,Spectacle Fans
Chen Kaige,Character Explorers,World Builders
Jia Zhangke,Character Explorers,Emotional Viewers
Wes Anderson,Story Lovers,Character Explorers
Richard Linklater,Myth Makers,World Builders
Harmony Korine,Meaning Seekers,Animation Admirers
David Lynch,Character Explorers,Emotional Viewers
Robert Altman,Reality Explorers,Emotional Viewers
Sidney Lumet,Emotional Viewers,Myth Makers
Oliver Stone,World Builders,Story Lovers
Tony Scott,Emotional Viewers,Character Explorers
Kathryn Bigelow,Spectacle Fans,Thrill Seekers
Neill Blomkamp,Spectacle Fans,Character Explorers
Alex Garland,Story Lovers,Thrill Seekers
Danny Boyle,Comedy Lovers,Visual Stylists
Guy Ritchie,World Builders,Visual Stylists
Rian Johnson,Spectacle Fans,Thrill Seekers
Matt Reeves,Visual Stylists,Story Lovers
James Gunn,Reality Explorers,Comedy Lovers
Ryan Coogler,Emotional Viewers,World Builders
Chad Stahelski,Visual Stylists,Animation Admirers
Gareth Evans,Character Explorers,Comedy Lovers
Lee Chang-dong,Comedy Lovers,Visual Stylists
Hwang Dong-hyuk,Character Explorers,Myth Makers
Bela Tarr,World Builders,Myth Makers
Michael Haneke,Emotional Viewers,Character Explorers
Ulrich Seidl,Emotional Viewers,Myth Makers
Fatih Akin,Reality Explorers,Myth Makers
Cristian Mungiu,World Builders,Meaning Seekers
Corneliu Porumboiu,Meaning Seekers,Animation Admirers
Radu Jude,Emotional Viewers,Comedy Lovers
Paolo Sorrentino,Thrill Seekers,Visual Stylists
Matteo Garrone,Myth Makers,Visual Stylists
Nanni Moretti,Reality Explorers,Character Explorers
Dario Argento,Story Lovers,Meaning Seekers
Luc Besson,Story Lovers,Meaning Seekers
Jean-Pierre Jeunet,World Builders,Story Lovers
Jacques Audiard,Spectacle Fans,Character Explorers
Bertrand Bonello,World Builders,Visual Stylists
Bruno Dumont,Myth Makers,Comedy Lovers
Leos Carax,Thrill Seekers,Animation Admirers
Claire Simon,Spectacle Fans,Animation Admirers
Arnaud Desplechin,Visual Stylists,World Builders
Patrice Leconte,World Builders,Animation Admirers
Olivier Assayas,Animation Admirers,Reality Explorers
Kenji Mizoguchi,Thrill Seekers,World Builders
Yasujiro Ozu,World Builders,Myth Makers
Hiroshi Teshigahara,Emotional Viewers,World Builders
Shinya Tsukamoto,Visual Stylists,Myth Makers
Takashi Miike,Character Explorers,Animation Admirers
Kiyoshi Kurosawa,Spectacle Fans,Meaning Seekers
Sion Sono,Visual Stylists,Comedy Lovers
Naomi Kawase,World Builders,Myth Makers
Ryusuke Hamaguchi,Reality Explorers,Meaning Seekers
Shunji Iwai,Emotional Viewers,Story Lovers
Walter Hill,Thrill Seekers,Spectacle Fans
Richard Donner,Reality Explorers,Meaning Seekers
Joel Schumacher,Emotional Viewers,Spectacle Fans
Barry Levinson,Spectacle Fans,Character Explorers
Alan Parker,Animation Admirers,Visual Stylists
John McTiernan,Emotional Viewers,World Builders
Ron Howard,Story Lovers,Emotional Viewers
Robert Zemeckis,Visual Stylists,Emotional Viewers
Gore Verbinski,Emotional Viewers,Reality Explorers
Sam Raimi,Story Lovers,Thrill Seekers
Robert Rodriguez,Story Lovers,Character Explorers
Guillermo Arriaga,Meaning Seekers,Reality Explorers
Michel Gondry,Meaning Seekers,Spectacle Fans
Spike Jonze,Reality Explorers,Spectacle Fans
Charlie Kaufman,Myth Makers,Thrill Seekers
Todd Haynes,Visual Stylists,Story Lovers
Todd Phillips,Animation Admirers,Spectacle Fans
Damien Chazelle,World Builders,Animation Admirers
Baz Luhrmann,Visual Stylists,Thrill Seekers
Peter Weir,Emotional Viewers,Visual Stylists
Jane Campion,Visual Stylists,Spectacle Fans
Lynne Ramsay,Thrill Seekers,Meaning Seekers
Andrea Arnold,Visual Stylists,Myth Makers
Susanne Bier,Thrill Seekers,Visual Stylists
Lone Scherfig,Reality Explorers,Visual Stylists
Thomas Vinterberg,Visual Stylists,Thrill Seekers
Lukas Moodysson,Story Lovers,Myth Makers
Roy Andersson,Story Lovers,Character Explorers
Erik Poppe,Myth Makers,Spectacle Fans
Bent Hamer,Meaning Seekers,Animation Admirers
Uwe Boll,Character Explorers,Story Lovers
Roland Emmerich,Emotional Viewers,Animation Admirers
Wolfgang Petersen,Animation Admirers,Reality Explorers
Tom Tykwer,Visual Stylists,Animation Admirers
Florian Henckel von Donnersmarck,Animation Admirers,Myth Makers
Christian Petzold,Comedy Lovers,Spectacle Fans
Edward Berger,Reality Explorers,Visual Stylists
Dennis Gansel,Myth Makers,Comedy Lovers
Werner Herzog,Visual Stylists,Comedy Lovers
Wim Wenders,Meaning Seekers,Character Explorers
Volker Schlondorff,Comedy Lovers,Story Lovers
Margarethe von Trotta,Animation Admirers,Myth Makers
Rainer Werner Fassbinder,Character Explorers,Meaning Seekers
Michael Cimino,Visual Stylists,World Builders
William Friedkin,Thrill Seekers,Spectacle Fans
Brian Singer,Visual Stylists,Reality Explorers
Bryan Cranston,Comedy Lovers,Story Lovers
Kevin Smith,Comedy Lovers,Reality Explorers
Richard Kelly,Visual Stylists,Story Lovers
John Singleton,Spectacle Fans,Character Explorers
F. Gary Gray,Myth Makers,Visual Stylists
Antoine Fuqua,Thrill Seekers,Visual Stylists
Gary Ross,Spectacle Fans,Comedy Lovers
James Mangold,Reality Explorers,Emotional Viewers
David Ayer,Comedy Lovers,Meaning Seekers
Zack Braff,Meaning Seekers,Emotional Viewers
Ben Affleck,Visual Stylists,Thrill Seekers
George Clooney,Visual Stylists,Thrill Seekers
Mel Gibson,Comedy Lovers,World Builders
Clint Eastwood,Meaning Seekers,Story Lovers
Kevin Costner,Character Explorers,Spectacle Fans
Robert Redford,World Builders,Character Explorers
Sean Penn,Reality Explorers,Emotional Viewers
Angelina Jolie,Meaning Seekers,Story Lovers
Denzel Washington,Reality Explorers,Comedy Lovers
Sylvester Stallone,Character Explorers,Emotional Viewers
Kenneth Branagh,Meaning Seekers,Character Explorers
Joe Wright,Visual Stylists,Reality Explorers
Matthew Vaughn,Thrill Seekers,Character Explorers
Paul Greengrass,Myth Makers,World Builders
Doug Liman,Story Lovers,Spectacle Fans
Andrew Stanton,Myth Makers,Spectacle Fans
Lee Daniels,Visual Stylists,Story Lovers
Gus Van Sant,Comedy Lovers,Meaning Seekers
Larry Clark,Story Lovers,Animation Admirers
Kelly Fremon Craig,Myth Makers,Emotional Viewers
Destin Daniel Cretton,Comedy Lovers,Story Lovers
Jon Watts,Meaning Seekers,Spectacle Fans
Shawn Levy,Spectacle Fans,Visual Stylists
Marc Webb,Character Explorers,Story Lovers
Sam Mendes,Character Explorers,World Builders
Peter Berg,Emotional Viewers,World Builders
Joseph Kosinski,Comedy Lovers,Myth Makers
Colin Trevorrow,Spectacle Fans,Thrill Seekers
Josh Trank,Story Lovers,Reality Explorers
David Yates,Animation Admirers,Emotional Viewers
Chris Columbus,Character Explorers,Comedy Lovers
Alfonso Gomez-Rejon,Comedy Lovers,Character Explorers
